"customer_segment","total_ltv","customer_count","avg_customer_value"
"3 - High-value",135606968.77156177,12372,10960.796053310845
"2 - Mid-value",66367810.476215035,24743,2682.2863224433186
"1 - Low-value",4298367.206793767,12372,347.4270293237769
